-- phpMyAdmin SQL Dump
-- version 5.2.2
-- https://www.phpmyadmin.net/
--
-- Хост: MySQL-8.2
-- Время создания: Июл 08 2025 г., 11:40
-- Версия сервера: 8.2.0
-- Версия PHP: 7.4.33

SET SQL_MODE = "NO_AUTO_VALUE_ON_ZERO";
START TRANSACTION;
SET time_zone = "+00:00";


/*!40101 SET @OLD_CHARACTER_SET_CLIENT=@@CHARACTER_SET_CLIENT */;
/*!40101 SET @OLD_CHARACTER_SET_RESULTS=@@CHARACTER_SET_RESULTS */;
/*!40101 SET @OLD_COLLATION_CONNECTION=@@COLLATION_CONNECTION */;
/*!40101 SET NAMES utf8mb4 */;

--
-- База данных: `library`
--

-- --------------------------------------------------------

--
-- Структура таблицы `authors`
--

CREATE TABLE `authors` (
  `id` int NOT NULL,
  `name` varchar(255) DEFAULT NULL
) ENGINE=InnoDB DEFAULT CHARSET=utf8mb4 COLLATE=utf8mb4_0900_ai_ci;

--
-- Дамп данных таблицы `authors`
--

INSERT INTO `authors` (`id`, `name`) VALUES
(1, 'Лев Толстой'),
(2, 'Міржақып Дулатов'),
(3, 'Мұхтар Әуезов'),
(4, 'Бердібек Соқпақбаев'),
(5, 'Анзура Кужамжарова'),
(6, 'Михаил Булгаков'),
(7, 'Джордж Оруэлл'),
(8, 'Антуан де Сент-Экзюпери'),
(9, 'Сайын Мұратбеков'),
(10, 'Бейімбет Майлин'),
(11, 'Александр Сергеевич Пушкин');

-- --------------------------------------------------------

--
-- Структура таблицы `books`
--

CREATE TABLE `books` (
  `id` int NOT NULL,
  `title` varchar(255) DEFAULT NULL,
  `year` int DEFAULT NULL,
  `edition` varchar(255) DEFAULT NULL,
  `description` text
) ENGINE=InnoDB DEFAULT CHARSET=utf8mb4 COLLATE=utf8mb4_0900_ai_ci;

--
-- Дамп данных таблицы `books`
--

INSERT INTO `books` (`id`, `title`, `year`, `edition`, `description`) VALUES
(7, 'Қилы заман', 1928, '\"Атамұра\" баспасы', 'Мұхтар Әуезовтің «Қилы заман» повесі 1928 жылы жазылған. Повесте Қазан төңкерісі алдындағы қазақ даласындағы отарлау саясаты, тар қыспақта қалған халықтың ауыр тұрмысы, ашу-ызасы барынша шынайы көрсетілген. Басты кейіпкерлерді бейнелеудің тәсілі де өзгеше. Автор шайқасқа шыға алмайтындардың да рухының биіктігін, күрес жолына беріктігін түрмедегі тұтқын мен тергеуші арасындағы жауаптасулар арқылы көрсетеді.'),
(8, 'Менің атым Қожа', 1957, '\"Жазушы\" баспасы', 'Хикаятта кішкентай Қожаның мектеп жасындағы әртүрлі қызықты оқиғалары баяндалады. Ол қанша бұзықтық жасаса да, жақсы адам болуға талпынады. Өзінің жасаған бұзықтығының бәрін әкесіз өскендіктен деп ойлайды. Қожа мінезі мен тәртібін өзгертуге тырысады. Хикаятта Қожаның балалық махаббаты да үлкен рөл атқарады. Ол сыныбындағы үлгілі, тәртіпті әрі сабақты үздік оқитын Жанар есімді қызды жақсы көреді. Тіпті кей кездері Жанарға арнап өлең де шығарады және оны әрқашан көргісі келіп тұрады. Қожа болашақта жазушы болуды армандайды.'),
(10, 'Мастер и Маргарита', 1967, '\"Москва\"', 'Роман «Мастер и Маргарита» Булгакова (1928-1940) – книга в книге. В рассказ о визите сатаны в Москву начала ХХ века вписана новелла по мотивам Нового Завета, которую якобы сочинил один из булгаковских персонажей – Мастер. В конце два произведения соединяются: Мастер встречает своего главного героя – прокуратора Иудеи Понтия Пилата – и милосердно решает его судьбу.\r\n'),
(11, 'Абай жолы', 1942, '\"Қазақтың мемлекеттік көркем әдебиет баспасы\"', 'Қазақтың маңдайына біткен ұлы жазушы Мұхтар Әуезов – әлемге әйгілі «Абай жолы» роман-эпопеясының авторы. Ол қазақтың көркем прозасын классикалық деңгейге көтерді. Мұхтар Әуезов осы роман-эпопеясында қазақтың ұлы ақыны Абай Құнанбайұлының өмірін, қазақтың ұлттық дәстүрін жан-жақты ашып көрсетті. Ақынның 50 жылғы өмірінен сыр шертеді:\r\n\r\nІ том бозбала Абайдың ауылға қайтуынан басталады. Абай Қодар мен Қамқаның жазалануына, жер дауына, Кәмшаттың тағдырына куә болады. Қарқаралыға барып, Шөже ақынмен танысады. Түйеөркеште Тоғжанға кездеседі.'),
(12, 'Еңлік-Кебек', 1917, '\"Атамұра\" баспасы', 'Бұл əңгіме – 1780 жылы шамасында осы Шыңғыс тауында Матай мен Тобықты арасында болған іс. Шариғатта əкесінің атастырғаны жас қызға неке есепті десе де, өзге дүниелік пайдасын ойламай, жалғыз ғана қызының қамын ойлап берер дегені. Əйтпесе «жас баланы сатып, пайдаланып, кем-кетікке беріп обалына қал» демейді. Мен соны ойлап, Еңлік–Кебекті соншалық жазалы демеймін.\r\n\r\n '),
(13, '1984', 1949, 'Secker&Warburg', 'Тоталитарное государство. Член партии пытается противостоять власти, сохранив своё сознание от манипуляции. Но мыслепре­ступление скрыть невозможно, и партия подчиняет человека системе.'),
(14, 'Маленький принц', 1943, 'Reynall& Hichcoock', 'Филосовская сказка-притча, ставшая мировой классикой.'),
(15, 'Жусан иісі', 1966, '\"Жазушы\" баспасы', 'Соғыс жылдарындағы ауыл тұрмысын шығармаларына арқау еткен Сайын Мұратбековтың «Жусан иісі» повесі араб тіліне де аударылған. Шығарманың бас кейіпкері – Аян. «Баяғыда бір жетім бала болыпты...» деп басталатын ертегілерді ойдан шығаратын Аян бақытты балалық шақтың қызығын көрмей өскен.'),
(16, 'Әңгімелер', 1925, 'Қазмембас', 'Бауыржан Момышұлының шығармалары батырлыққа, өрлікке баулиды. Жазушы шығармашылығының ерекшелігі – ойдан шығарылған оқиға мен жасанды кейіпкерлерден аулақ. Көзбен көрген оқиғаларын бойына сіңірген туындылардың әлеуметтік, қоғамдық сипаты басым. Салт-дәстүрін ұлықтап, соның негізінде түйген ойларын ұрпақ санасында жаңғыртуға еңбектенеді. Ұлттық қадір-қасиетімізді ұлықтаудың болашақ үшін қаншалықты маңызды екенін шығармалары арқылы жеткізеді.'),
(17, 'Капитанская дочка', 1836, '\"Огонек\"', 'Юношу отправили служить в крепость. Её захватили бунтующие крестьяне. Удача, смелость и воинская честь помогли молодому офицеру выбраться из крепости, вызволить оттуда любимую и пережить арест.'),
(18, 'Собаьче сердце', 1925, '«YMCA-Press»', '«Собачье сердце» — одно из самых известных произведений русского писателя Михаила Булгакова. В нем он попытался отразить общественные и политические процессы 1920‑х годов — НЭП, появление «нового человека» и крах надежд «старой» интеллигенции. Повесть легла в основу популярного фильма режиссера Владимира Бортко.');

-- --------------------------------------------------------

--
-- Структура таблицы `book_author`
--

CREATE TABLE `book_author` (
  `book_id` int NOT NULL,
  `author_id` int NOT NULL
) ENGINE=InnoDB DEFAULT CHARSET=utf8mb4 COLLATE=utf8mb4_0900_ai_ci;

--
-- Дамп данных таблицы `book_author`
--

INSERT INTO `book_author` (`book_id`, `author_id`) VALUES
(7, 3),
(11, 3),
(12, 3),
(8, 4),
(10, 6),
(18, 6),
(13, 7),
(14, 8),
(15, 9),
(16, 10),
(17, 11);

--
-- Индексы сохранённых таблиц
--

--
-- Индексы таблицы `authors`
--
ALTER TABLE `authors`
  ADD PRIMARY KEY (`id`);

--
-- Индексы таблицы `books`
--
ALTER TABLE `books`
  ADD PRIMARY KEY (`id`);

--
-- Индексы таблицы `book_author`
--
ALTER TABLE `book_author`
  ADD PRIMARY KEY (`book_id`,`author_id`),
  ADD KEY `author_id` (`author_id`);

--
-- AUTO_INCREMENT для сохранённых таблиц
--

--
-- AUTO_INCREMENT для таблицы `authors`
--
ALTER TABLE `authors`
  MODIFY `id` int NOT NULL AUTO_INCREMENT, AUTO_INCREMENT=12;

--
-- AUTO_INCREMENT для таблицы `books`
--
ALTER TABLE `books`
  MODIFY `id` int NOT NULL AUTO_INCREMENT, AUTO_INCREMENT=19;

--
-- Ограничения внешнего ключа сохраненных таблиц
--

--
-- Ограничения внешнего ключа таблицы `book_author`
--
ALTER TABLE `book_author`
  ADD CONSTRAINT `book_author_ibfk_1` FOREIGN KEY (`book_id`) REFERENCES `books` (`id`) ON DELETE CASCADE,
  ADD CONSTRAINT `book_author_ibfk_2` FOREIGN KEY (`author_id`) REFERENCES `authors` (`id`) ON DELETE CASCADE;
COMMIT;

/*!40101 SET CHARACTER_SET_CLIENT=@OLD_CHARACTER_SET_CLIENT */;
/*!40101 SET CHARACTER_SET_RESULTS=@OLD_CHARACTER_SET_RESULTS */;
/*!40101 SET COLLATION_CONNECTION=@OLD_COLLATION_CONNECTION */;
